{
  "Config #3 request" : {
    "transaction" : "Config #3 request",
    "sampleCount" : 240,
    "errorCount" : 0,
    "errorPct" : 0.0,
    "meanResTime" : 383.9666666666666,
    "medianResTime" : 372.0,
    "minResTime" : 319.0,
    "maxResTime" : 563.0,
    "pct1ResTime" : 437.0,
    "pct2ResTime" : 477.5999999999999,
    "pct3ResTime" : 556.85,
    "throughput" : 3.046226486939304,
    "receivedKBytesPerSec" : 0.6871858578935344,
    "sentKBytesPerSec" : 0.0
  },
  "Total" : {
    "transaction" : "Total",
    "sampleCount" : 720,
    "errorCount" : 146,
    "errorPct" : 20.277779,
    "meanResTime" : 587.1138888888887,
    "medianResTime" : 574.0,
    "minResTime" : 319.0,
    "maxResTime" : 903.0,
    "pct1ResTime" : 800.9,
    "pct2ResTime" : 830.8999999999999,
    "pct3ResTime" : 866.0,
    "throughput" : 9.083798036890313,
    "receivedKBytesPerSec" : 2.049177096212561,
    "sentKBytesPerSec" : 0.0
  },
  "Config #2 request" : {
    "transaction" : "Config #2 request",
    "sampleCount" : 240,
    "errorCount" : 0,
    "errorPct" : 0.0,
    "meanResTime" : 589.6583333333334,
    "medianResTime" : 574.0,
    "minResTime" : 524.0,
    "maxResTime" : 770.0,
    "pct1ResTime" : 649.7,
    "pct2ResTime" : 678.3999999999999,
    "pct3ResTime" : 765.9000000000001,
    "throughput" : 3.038513154229863,
    "receivedKBytesPerSec" : 0.6854458385030258,
    "sentKBytesPerSec" : 0.0
  },
  "Config #1 request" : {
    "transaction" : "Config #1 request",
    "sampleCount" : 240,
    "errorCount" : 146,
    "errorPct" : 60.833332,
    "meanResTime" : 787.7166666666664,
    "medianResTime" : 781.5,
    "minResTime" : 722.0,
    "maxResTime" : 903.0,
    "pct1ResTime" : 842.5,
    "pct2ResTime" : 854.9,
    "pct3ResTime" : 895.6200000000001,
    "throughput" : 3.0279326789634378,
    "receivedKBytesPerSec" : 0.6830590320708536,
    "sentKBytesPerSec" : 0.0
  }
}